id,business_name,city,service_needed,lead_tier,lead_score,phone,email,website,website_status,source,decision_maker,ai_recommendation,industry_context,status,created_at
63,Volt Fitness Bangalore,Bangalore,SEO Services,HOT,97.0,+919663130588,hello@voltfitness.in,https://voltfitness.in,Live,Google Maps,Director,Not ranking on Google local searches — missing 70% of high-intent organic traffic.,REAL BUSINESS — Gyms in Bangalore. Source: Google Maps. Service needed: SEO Services.,New,2026-05-17 08:28:32
11,Manipal Hospital Bangalore,Bangalore,Digital Marketing,HOT,96.0,+918025024444,info@manipalhospitals.com,https://www.manipalhospitals.com,Live,Google Maps,Marketing Head,No active Google Ads or social media campaigns — brand visibility critically low.,REAL BUSINESS — Hospitals in Bangalore. Source: Google Maps. Service needed: Digital Marketing.,New,2026-05-17 08:28:30
30,Lodha Group,Mumbai,SEO Services,HOT,96.0,,sales@lodhagroup.com,https://www.lodhagroup.com,Live,Google Maps,Owner,Not ranking on Google local searches — missing 70% of high-intent organic traffic.,REAL BUSINESS — Real Estate in Mumbai. Source: Google Maps. Service needed: SEO Services.,New,2026-05-17 08:28:31
33,DLF Limited,Delhi NCR,SEO Services,HOT,96.0,,customercare@dlf.in,https://www.dlf.in,Live,Google Maps,Founder,Not ranking on Google local searches — missing 70% of high-intent organic traffic.,REAL BUSINESS — Real Estate in Delhi NCR. Source: Google Maps. Service needed: SEO Services.,New,2026-05-17 08:28:31
47,Mahesh Lunch Home,Mumbai,Website Development,HOT,96.0,,info@maheshlunchhome.com,https://www.maheshlunchhome.com,Live,JustDial,Marketing Head,Outdated or missing website detected — losing potential clients to competitors with modern online presence.,REAL BUSINESS — Restaurants in Mumbai. Source: JustDial. Service needed: Website Development.,New,2026-05-17 08:28:32
85,Hyatt Regency Ahmedabad,Ahmedabad,Digital Marketing,HOT,96.0,+917966001234,hyatt.ahmedabad@hyatt.com,https://www.hyatt.com,Live,Google Maps,CEO,No active Google Ads or social media campaigns — brand visibility critically low.,REAL BUSINESS — Hotels in Ahmedabad. Source: Google Maps. Service needed: Digital Marketing.,New,2026-05-17 08:28:33
91,Taj Hotel Bangalore,Bangalore,Digital Marketing,HOT,96.0,+918066601122,taj.bangalore@tajhotels.com,https://www.tajhotels.com,Live,Google Maps,Director,No active Google Ads or social media campaigns — brand visibility critically low.,REAL BUSINESS — Hotels in Bangalore. Source: Google Maps. Service needed: Digital Marketing.,New,2026-05-17 08:28:33
106,Dhirubhai Ambani International School,Mumbai,Digital Marketing,HOT,96.0,,info@da-is.org,https://www.da-is.org,Live,Google Maps,Marketing Head,No active Google Ads or social media campaigns — brand visibility critically low.,REAL BUSINESS — Schools in Mumbai. Source: Google Maps. Service needed: Digital Marketing.,New,2026-05-17 08:28:33
31,Oberoi Realty,Mumbai,SEO Services,HOT,95.0,,info@oberoirealty.com,https://www.oberoirealty.com,Live,LinkedIn,Founder,Not ranking on Google local searches — missing 70% of high-intent organic traffic.,REAL BUSINESS — Real Estate in Mumbai. Source: LinkedIn. Service needed: SEO Services.,New,2026-05-17 08:28:31
88,Trident Nariman Point Mumbai,Mumbai,Digital Marketing,HOT,95.0,,reservations.mum@tridenthotels.com,https://www.tridenthotels.com,Live,JustDial,Founder,No active Google Ads or social media campaigns — brand visibility critically low.,REAL BUSINESS — Hotels in Mumbai. Source: JustDial. Service needed: Digital Marketing.,New,2026-05-17 08:28:33
90,Taj Palace Delhi,Delhi NCR,Digital Marketing,HOT,95.0,,tajpalace.del@tajhotels.com,https://www.tajhotels.com,Live,Google Maps,Marketing Head,No active Google Ads or social media campaigns — brand visibility critically low.,REAL BUSINESS — Hotels in Delhi NCR. Source: Google Maps. Service needed: Digital Marketing.,New,2026-05-17 08:28:33
8,Max Super Speciality Hospital Saket,Delhi NCR,Digital Marketing,HOT,94.0,01126515050,info@maxhealthcare.in,https://www.maxhealthcare.in,Live,Google Maps,Director,No active Google Ads or social media campaigns — brand visibility critically low.,REAL BUSINESS — Hospitals in Delhi NCR. Source: Google Maps. Service needed: Digital Marketing.,New,2026-05-17 08:28:30
20,Aesthetic Smiles Dental Clinic,Mumbai,SEO Services,HOT,94.0,+919619955929,info@aestheticsmilesindia.com,https://www.aestheticsmilesindia.com,Live,Google Maps,Owner,Not ranking on Google local searches — missing 70% of high-intent organic traffic.,REAL BUSINESS — Clinics in Mumbai. Source: Google Maps. Service needed: SEO Services.,New,2026-05-17 08:28:30
27,Manya Dental Clinic,Bangalore,SEO Services,HOT,94.0,+917204514222,appointments@manyadental.in,https://manyadental.in,Live,JustDial,Marketing Head,Not ranking on Google local searches — missing 70% of high-intent organic traffic.,REAL BUSINESS — Clinics in Bangalore. Source: JustDial. Service needed: SEO Services.,New,2026-05-17 08:28:31
34,ATS Infrastructure,Delhi NCR,SEO Services,HOT,94.0,,info@atsgreens.com,https://www.atsgreens.com,Live,JustDial,Director,Not ranking on Google local searches — missing 70% of high-intent organic traffic.,REAL BUSINESS — Real Estate in Delhi NCR. Source: JustDial. Service needed: SEO Services.,New,2026-05-17 08:28:31
103,Modern School Barakhamba,Delhi NCR,Digital Marketing,HOT,94.0,,modern@modernschool.net,https://modernschool.net,Live,Google Maps,Founder,No active Google Ads or social media campaigns — brand visibility critically low.,REAL BUSINESS — Schools in Delhi NCR. Source: Google Maps. Service needed: Digital Marketing.,New,2026-05-17 08:28:33
15,KIMS Hospitals,Hyderabad,Digital Marketing,HOT,93.0,,info@kimshospitals.com,https://www.kimshospitals.com,Live,JustDial,Marketing Head,No active Google Ads or social media campaigns — brand visibility critically low.,REAL BUSINESS — Hospitals in Hyderabad. Source: JustDial. Service needed: Digital Marketing.,New,2026-05-17 08:28:30
26,Curaden Dental Clinic,Bangalore,SEO Services,HOT,93.0,+918043390000,info@curaden-clinic.in,https://curaden-clinic.in,Live,Google Maps,Director,Not ranking on Google local searches — missing 70% of high-intent organic traffic.,REAL BUSINESS — Clinics in Bangalore. Source: Google Maps. Service needed: SEO Services.,New,2026-05-17 08:28:31
42,Godrej Properties Pune,Pune,SEO Services,HOT,93.0,,marketing@godrejproperties.com,https://www.godrejproperties.com,Live,JustDial,Marketing Head,Not ranking on Google local searches — missing 70% of high-intent organic traffic.,REAL BUSINESS — Real Estate in Pune. Source: JustDial. Service needed: SEO Services.,New,2026-05-17 08:28:31
49,Indian Accent Delhi,Delhi NCR,Website Development,HOT,93.0,+919871117968,reservations.del@indianaccent.com,https://indianaccent.com,Live,Google Maps,Owner,Outdated or missing website detected — losing potential clients to competitors with modern online presence.,REAL BUSINESS — Restaurants in Delhi NCR. Source: Google Maps. Service needed: Website Development.,New,2026-05-17 08:28:32
52,Vidyarthi Bhavan Bangalore,Bangalore,Website Development,HOT,93.0,+918026677588,info@vidyarthibhavan.in,https://vidyarthibhavan.in,Live,Google Maps,Director,Outdated or missing website detected — losing potential clients to competitors with modern online presence.,REAL BUSINESS — Restaurants in Bangalore. Source: Google Maps. Service needed: Website Development.,New,2026-05-17 08:28:32
54,Chutneys Restaurant,Hyderabad,Website Development,HOT,93.0,,contact@chutneys.in,https://chutneys.in,Live,JustDial,Owner,Outdated or missing website detected — losing potential clients to competitors with modern online presence.,REAL BUSINESS — Restaurants in Hyderabad. Source: JustDial. Service needed: Website Development.,New,2026-05-17 08:28:32
98,The Bishops School Pune,Pune,Digital Marketing,HOT,93.0,,info@thebishopsschool.edu.in,https://www.thebishopsschool.edu.in,Live,Google Maps,Marketing Head,No active Google Ads or social media campaigns — brand visibility critically low.,REAL BUSINESS — Schools in Pune. Source: Google Maps. Service needed: Digital Marketing.,New,2026-05-17 08:28:33
3,Jaslok Hospital & Research Centre,Mumbai,Digital Marketing,HOT,92.0,,info@jaslokhospital.net,https://www.jaslokhospital.net,Live,Google Maps,Founder,No active Google Ads or social media campaigns — brand visibility critically low.,REAL BUSINESS — Hospitals in Mumbai. Source: Google Maps. Service needed: Digital Marketing.,New,2026-05-17 08:28:29
10,Artemis Hospital Gurugram,Delhi NCR,Digital Marketing,HOT,92.0,,info@artemishospitals.com,https://artemishospitals.com,Live,Google Maps,CEO,No active Google Ads or social media campaigns — brand visibility critically low.,REAL BUSINESS — Hospitals in Delhi NCR. Source: Google Maps. Service needed: Digital Marketing.,New,2026-05-17 08:28:30
61,Anytime Fitness Delhi,Delhi NCR,SEO Services,HOT,92.0,,india@anytimefitness.co.in,https://www.anytimefitness.co.in,Live,Google Maps,Marketing Head,Not ranking on Google local searches — missing 70% of high-intent organic traffic.,REAL BUSINESS — Gyms in Delhi NCR. Source: Google Maps. Service needed: SEO Services.,New,2026-05-17 08:28:32
74,Bodycraft Salon Bangalore,Bangalore,Website Development,HOT,92.0,+918041502233,info@bodycraft.co.in,https://bodycraft.co.in,Live,JustDial,Marketing Head,Outdated or missing website detected — losing potential clients to competitors with modern online presence.,REAL BUSINESS — Salons in Bangalore. Source: JustDial. Service needed: Website Development.,New,2026-05-17 08:28:32
81,JW Marriott Pune,Pune,Digital Marketing,HOT,92.0,,mhrs.pnqjw.reservations@marriotthotels.com,https://www.marriott.com,Live,Google Maps,Marketing Head,No active Google Ads or social media campaigns — brand visibility critically low.,REAL BUSINESS — Hotels in Pune. Source: Google Maps. Service needed: Digital Marketing.,New,2026-05-17 08:28:33
89,ITC Maurya Delhi,Delhi NCR,Digital Marketing,HOT,92.0,,itcmaurya@itchotels.in,https://www.itchotels.com,Live,Google Maps,Founder,No active Google Ads or social media campaigns — brand visibility critically low.,REAL BUSINESS — Hotels in Delhi NCR. Source: Google Maps. Service needed: Digital Marketing.,New,2026-05-17 08:28:33
35,Omaxe Limited,Delhi NCR,SEO Services,HOT,91.0,,info@omaxe.com,https://omaxe.com,Live,Google Maps,Marketing Head,Not ranking on Google local searches — missing 70% of high-intent organic traffic.,REAL BUSINESS — Real Estate in Delhi NCR. Source: Google Maps. Service needed: SEO Services.,New,2026-05-17 08:28:31
51,MTR Restaurant Bangalore,Bangalore,Website Development,HOT,91.0,+918022220222,feedback@mtrfoods.com,https://www.mtrfoods.com,Live,Google Maps,Founder,Outdated or missing website detected — losing potential clients to competitors with modern online presence.,REAL BUSINESS — Restaurants in Bangalore. Source: Google Maps. Service needed: Website Development.,New,2026-05-17 08:28:32
55,Vohuman Cafe,Pune,Website Development,HOT,91.0,,info@vohuman.com,https://vohuman.com,Live,Google Maps,Founder,Outdated or missing website detected — losing potential clients to competitors with modern online presence.,REAL BUSINESS — Restaurants in Pune. Source: Google Maps. Service needed: Website Development.,New,2026-05-17 08:28:32
65,360 Degree Fitness Hyderabad,Hyderabad,SEO Services,HOT,91.0,+919000551360,info@360fitnesshyd.com,https://360fitnesshyd.com,Live,Google Maps,Owner,Not ranking on Google local searches — missing 70% of high-intent organic traffic.,REAL BUSINESS — Gyms in Hyderabad. Source: Google Maps. Service needed: SEO Services.,New,2026-05-17 08:28:32
66,FitRanger Pune,Pune,SEO Services,HOT,91.0,+918010811198,info@fitranger.com,https://www.fitranger.com,Live,Google Maps,Founder,Not ranking on Google local searches — missing 70% of high-intent organic traffic.,REAL BUSINESS — Gyms in Pune. Source: Google Maps. Service needed: SEO Services.,New,2026-05-17 08:28:32
67,Gold's Gym Ahmedabad,Ahmedabad,SEO Services,HOT,91.0,+917940444444,ahmedabad@goldsgym.in,https://www.goldsgym.in,Live,JustDial,CEO,Not ranking on Google local searches — missing 70% of high-intent organic traffic.,REAL BUSINESS — Gyms in Ahmedabad. Source: JustDial. Service needed: SEO Services.,New,2026-05-17 08:28:32
73,YLG Salon Bangalore,Bangalore,Website Development,HOT,91.0,+918069376767,care@ylgindia.com,https://ylgindia.com,Live,Google Maps,Founder,Outdated or missing website detected — losing potential clients to competitors with modern online presence.,REAL BUSINESS — Salons in Bangalore. Source: Google Maps. Service needed: Website Development.,New,2026-05-17 08:28:32
77,Lakme Salon Ahmedabad,Ahmedabad,Website Development,HOT,91.0,+917940123456,ahmedabad@lakmesalon.in,https://www.lakmesalon.in,Live,JustDial,Marketing Head,Outdated or missing website detected — losing potential clients to competitors with modern online presence.,REAL BUSINESS — Salons in Ahmedabad. Source: JustDial. Service needed: Website Development.,New,2026-05-17 08:28:33
78,The Park Hyderabad,Hyderabad,Digital Marketing,HOT,91.0,,hyderabad@theparkhotels.com,https://www.theparkhotels.com,Live,Google Maps,CEO,No active Google Ads or social media campaigns — brand visibility critically low.,REAL BUSINESS — Hotels in Hyderabad. Source: Google Maps. Service needed: Digital Marketing.,New,2026-05-17 08:28:33
92,Oberoi Hotel Bangalore,Bangalore,Digital Marketing,HOT,91.0,+918025585858,res.bangalore@oberoihotels.com,https://www.oberoihotels.com,Live,JustDial,Marketing Head,No active Google Ads or social media campaigns — brand visibility critically low.,REAL BUSINESS — Hotels in Bangalore. Source: JustDial. Service needed: Digital Marketing.,New,2026-05-17 08:28:33
99,MIT Vishwashanti Gurukul Pune,Pune,Digital Marketing,HOT,91.0,+917897894804,admissions@mitgurukul.com,https://mitgurukul.com,Live,JustDial,Owner,No active Google Ads or social media campaigns — brand visibility critically low.,REAL BUSINESS — Schools in Pune. Source: JustDial. Service needed: Digital Marketing.,New,2026-05-17 08:28:33
18,Sterling Hospital Ahmedabad,Ahmedabad,Digital Marketing,HOT,90.0,+917940011000,info@sterlinghospitals.com,https://www.sterlinghospitals.com,Live,Google Maps,Director,No active Google Ads or social media campaigns — brand visibility critically low.,REAL BUSINESS — Hospitals in Ahmedabad. Source: Google Maps. Service needed: Digital Marketing.,New,2026-05-17 08:28:30
32,Rustomjee Developers,Mumbai,SEO Services,HOT,90.0,,sales@rustomjee.com,https://rustomjee.com,Live,JustDial,Owner,Not ranking on Google local searches — missing 70% of high-intent organic traffic.,REAL BUSINESS — Real Estate in Mumbai. Source: JustDial. Service needed: SEO Services.,New,2026-05-17 08:28:31
37,Brigade Group,Bangalore,SEO Services,HOT,90.0,+918042941000,info@brigadegroup.com,https://www.brigadegroup.com,Live,JustDial,Owner,Not ranking on Google local searches — missing 70% of high-intent organic traffic.,REAL BUSINESS — Real Estate in Bangalore. Source: JustDial. Service needed: SEO Services.,New,2026-05-17 08:28:31
57,Agashiye Ahmedabad,Ahmedabad,Website Development,HOT,90.0,+917925506946,reservations@hotelhouses.com,https://www.hotelhouseofmg.com,Live,Google Maps,Director,Outdated or missing website detected — losing potential clients to competitors with modern online presence.,REAL BUSINESS — Restaurants in Ahmedabad. Source: Google Maps. Service needed: Website Development.,New,2026-05-17 08:28:32
71,Geetanjali Salon Delhi,Delhi NCR,Website Development,HOT,90.0,,info@geetanjalisalon.com,https://geetanjalisalon.com,Live,Google Maps,Marketing Head,Outdated or missing website detected — losing potential clients to competitors with modern online presence.,REAL BUSINESS — Salons in Delhi NCR. Source: Google Maps. Service needed: Website Development.,New,2026-05-17 08:28:32
75,Jawed Habib Hyderabad,Hyderabad,Website Development,HOT,90.0,,info@jawedhabib.co.in,https://jawedhabib.co.in,Live,Google Maps,Owner,Outdated or missing website detected — losing potential clients to competitors with modern online presence.,REAL BUSINESS — Salons in Hyderabad. Source: Google Maps. Service needed: Website Development.,New,2026-05-17 08:28:32
76,Looks Salon Pune,Pune,Website Development,HOT,90.0,,info@lookssalon.in,https://lookssalon.in,Live,Google Maps,Owner,Outdated or missing website detected — losing potential clients to competitors with modern online presence.,REAL BUSINESS — Salons in Pune. Source: Google Maps. Service needed: Website Development.,New,2026-05-17 08:28:33
82,Conrad Pune,Pune,Digital Marketing,HOT,90.0,,conradpune@conradhotels.com,https://www.hilton.com,Live,Google Maps,CEO,No active Google Ads or social media campaigns — brand visibility critically low.,REAL BUSINESS — Hotels in Pune. Source: Google Maps. Service needed: Digital Marketing.,New,2026-05-17 08:28:33
86,ITC Narmada Ahmedabad,Ahmedabad,Digital Marketing,HOT,90.0,+917971001111,itcnarmada@itchotels.in,https://www.itchotels.com,Live,JustDial,CEO,No active Google Ads or social media campaigns — brand visibility critically low.,REAL BUSINESS — Hotels in Ahmedabad. Source: JustDial. Service needed: Digital Marketing.,New,2026-05-17 08:28:33
94,Delhi Public School Bangalore,Bangalore,Digital Marketing,HOT,90.0,+918028399900,principal@dpsnorth.com,https://dpsnorth.com,Live,Google Maps,Founder,No active Google Ads or social media campaigns — brand visibility critically low.,REAL BUSINESS — Schools in Bangalore. Source: Google Maps. Service needed: Digital Marketing.,New,2026-05-17 08:28:33
101,Udgam School Ahmedabad,Ahmedabad,Digital Marketing,HOT,90.0,+917926858585,info@udgamschool.com,https://udgamschool.com,Live,JustDial,Founder,No active Google Ads or social media campaigns — brand visibility critically low.,REAL BUSINESS — Schools in Ahmedabad. Source: JustDial. Service needed: Digital Marketing.,New,2026-05-17 08:28:33
104,Narayana Schools Delhi,Delhi NCR,Digital Marketing,HOT,90.0,18001023344,info@narayanaschools.in,https://narayanaschools.in,Live,JustDial,Director,No active Google Ads or social media campaigns — brand visibility critically low.,REAL BUSINESS — Schools in Delhi NCR. Source: JustDial. Service needed: Digital Marketing.,New,2026-05-17 08:28:33
1,Kokilaben Dhirubhai Ambani Hospital,Mumbai,Digital Marketing,HOT,89.0,,info@kokilabenhospital.com,https://www.kokilabenhospital.com,Live,Google Maps,Marketing Head,No active Google Ads or social media campaigns — brand visibility critically low.,REAL BUSINESS — Hospitals in Mumbai. Source: Google Maps. Service needed: Digital Marketing.,New,2026-05-17 08:28:29
7,Indraprastha Apollo Hospital,Delhi NCR,Digital Marketing,HOT,89.0,18605001066,feedback@apollohospitals.com,https://www.apollohospitals.com,Live,Google Maps,Owner,No active Google Ads or social media campaigns — brand visibility critically low.,REAL BUSINESS — Hospitals in Delhi NCR. Source: Google Maps. Service needed: Digital Marketing.,New,2026-05-17 08:28:30
24,32 Smile Stone Dental Clinic,Delhi NCR,SEO Services,HOT,89.0,+919810303387,contact@newdelhidentistindia.com,https://newdelhidentistindia.com,Live,JustDial,CEO,Not ranking on Google local searches — missing 70% of high-intent organic traffic.,REAL BUSINESS — Clinics in Delhi NCR. Source: JustDial. Service needed: SEO Services.,New,2026-05-17 08:28:30
29,Dantam Clinics,Hyderabad,SEO Services,HOT,89.0,,info@dantamclinics.com,https://dantamclinics.com,Live,Google Maps,Owner,Not ranking on Google local searches — missing 70% of high-intent organic traffic.,REAL BUSINESS — Clinics in Hyderabad. Source: Google Maps. Service needed: SEO Services.,New,2026-05-17 08:28:31
40,Aparna Constructions,Hyderabad,SEO Services,HOT,89.0,,info@aparnaconstructions.com,https://aparnaconstructions.com,Live,JustDial,Director,Not ranking on Google local searches — missing 70% of high-intent organic traffic.,REAL BUSINESS — Real Estate in Hyderabad. Source: JustDial. Service needed: SEO Services.,New,2026-05-17 08:28:31
59,Gold's Gym Mumbai,Mumbai,SEO Services,HOT,89.0,,info@goldsgym.in,https://www.goldsgym.in,Live,JustDial,Founder,Not ranking on Google local searches — missing 70% of high-intent organic traffic.,REAL BUSINESS — Gyms in Mumbai. Source: JustDial. Service needed: SEO Services.,New,2026-05-17 08:28:32
70,Enrich Salon Mumbai,Mumbai,Website Development,HOT,89.0,,feedback@enrichbeauty.com,https://enrichbeauty.com,Live,Google Maps,Founder,Outdated or missing website detected — losing potential clients to competitors with modern online presence.,REAL BUSINESS — Salons in Mumbai. Source: Google Maps. Service needed: Website Development.,New,2026-05-17 08:28:32
93,Harrow International School Bangalore,Bangalore,Digital Marketing,HOT,89.0,+918035274300,admissions@harrowbengaluru.in,https://harrowbengaluru.in,Live,Google Maps,CEO,No active Google Ads or social media campaigns — brand visibility critically low.,REAL BUSINESS — Schools in Bangalore. Source: Google Maps. Service needed: Digital Marketing.,New,2026-05-17 08:28:33
4,Lilavati Hospital & Research Centre,Mumbai,Digital Marketing,HOT,88.0,,contact@lilavatihospital.com,https://www.lilavatihospital.com,Live,JustDial,Owner,No active Google Ads or social media campaigns — brand visibility critically low.,REAL BUSINESS — Hospitals in Mumbai. Source: JustDial. Service needed: Digital Marketing.,New,2026-05-17 08:28:29
6,Sir Ganga Ram Hospital,Delhi NCR,Digital Marketing,HOT,88.0,,info@sgrh.com,https://sgrh.com,Live,Google Maps,CEO,No active Google Ads or social media campaigns — brand visibility critically low.,REAL BUSINESS — Hospitals in Delhi NCR. Source: Google Maps. Service needed: Digital Marketing.,New,2026-05-17 08:28:30
13,Fortis Hospital Bangalore,Bangalore,Digital Marketing,HOT,88.0,+918066214444,fortis.bangalore@fortishealthcare.com,https://www.fortishealthcare.com,Live,JustDial,Marketing Head,No active Google Ads or social media campaigns — brand visibility critically low.,REAL BUSINESS — Hospitals in Bangalore. Source: JustDial. Service needed: Digital Marketing.,New,2026-05-17 08:28:30
17,Ruby Hall Clinic,Pune,Digital Marketing,HOT,88.0,,info@rubyhall.com,https://www.rubyhall.com,Live,Google Maps,Founder,No active Google Ads or social media campaigns — brand visibility critically low.,REAL BUSINESS — Hospitals in Pune. Source: Google Maps. Service needed: Digital Marketing.,New,2026-05-17 08:28:30
25,Stunning Dentistry,Delhi NCR,SEO Services,HOT,88.0,+917676602626,info@stunningdentistry.com,https://stunningdentistry.com,Live,Google Maps,Owner,Not ranking on Google local searches — missing 70% of high-intent organic traffic.,REAL BUSINESS — Clinics in Delhi NCR. Source: Google Maps. Service needed: SEO Services.,New,2026-05-17 08:28:31
28,FMS Dental Hospitals,Hyderabad,SEO Services,HOT,88.0,+918885060780,info@fmsdental.com,https://fmsdental.com,Live,Google Maps,Director,Not ranking on Google local searches — missing 70% of high-intent organic traffic.,REAL BUSINESS — Clinics in Hyderabad. Source: Google Maps. Service needed: SEO Services.,New,2026-05-17 08:28:31
41,Kolte-Patil Developers,Pune,SEO Services,HOT,88.0,,info@koltepatil.com,https://www.koltepatil.com,Live,Google Maps,CEO,Not ranking on Google local searches — missing 70% of high-intent organic traffic.,REAL BUSINESS — Real Estate in Pune. Source: Google Maps. Service needed: SEO Services.,New,2026-05-17 08:28:31
43,Adani Realty Ahmedabad,Ahmedabad,SEO Services,HOT,88.0,+917925560000,info@adanirealty.com,https://www.adanirealty.com,Live,Google Maps,Founder,Not ranking on Google local searches — missing 70% of high-intent organic traffic.,REAL BUSINESS — Real Estate in Ahmedabad. Source: Google Maps. Service needed: SEO Services.,New,2026-05-17 08:28:31
48,Bukhara ITC Maurya,Delhi NCR,Website Development,HOT,88.0,,itcmaurya@itchotels.in,https://www.itchotels.com,Live,Google Maps,CEO,Outdated or missing website detected — losing potential clients to competitors with modern online presence.,REAL BUSINESS — Restaurants in Delhi NCR. Source: Google Maps. Service needed: Website Development.,New,2026-05-17 08:28:32
53,Paradise Biryani Hyderabad,Hyderabad,Website Development,HOT,88.0,,info@paradisefoodcourt.in,https://www.paradisefoodcourt.in,Live,Google Maps,Marketing Head,Outdated or missing website detected — losing potential clients to competitors with modern online presence.,REAL BUSINESS — Restaurants in Hyderabad. Source: Google Maps. Service needed: Website Development.,New,2026-05-17 08:28:32
84,Taj Skyline Ahmedabad,Ahmedabad,Digital Marketing,HOT,88.0,+917940400000,taj.ahmedabad@tajhotels.com,https://www.tajhotels.com,Live,Google Maps,Founder,No active Google Ads or social media campaigns — brand visibility critically low.,REAL BUSINESS — Hotels in Ahmedabad. Source: Google Maps. Service needed: Digital Marketing.,New,2026-05-17 08:28:33
95,The Hyderabad Public School,Hyderabad,Digital Marketing,HOT,88.0,,contactus@hpsbegumpet.org.in,https://hpsbegumpet.org.in,Live,Google Maps,Owner,No active Google Ads or social media campaigns — brand visibility critically low.,REAL BUSINESS — Schools in Hyderabad. Source: Google Maps. Service needed: Digital Marketing.,New,2026-05-17 08:28:33
105,Ryan International School Mumbai,Mumbai,Digital Marketing,HOT,88.0,,info@ryangroup.org,https://ryangroup.org,Live,Google Maps,Founder,No active Google Ads or social media campaigns — brand visibility critically low.,REAL BUSINESS — Schools in Mumbai. Source: Google Maps. Service needed: Digital Marketing.,New,2026-05-17 08:28:33
14,Apollo Hospital Hyderabad,Hyderabad,Digital Marketing,HOT,87.0,,info.hyd@apollohospitals.com,https://www.apollohospitals.com,Live,Google Maps,Owner,No active Google Ads or social media campaigns — brand visibility critically low.,REAL BUSINESS — Hospitals in Hyderabad. Source: Google Maps. Service needed: Digital Marketing.,New,2026-05-17 08:28:30
21,Dazzle Dental Clinic,Mumbai,SEO Services,HOT,87.0,,hello@dazzle.dental,https://dazzle.dental,Live,JustDial,Owner,Not ranking on Google local searches — missing 70% of high-intent organic traffic.,REAL BUSINESS — Clinics in Mumbai. Source: JustDial. Service needed: SEO Services.,New,2026-05-17 08:28:30
23,Dr Khanna Dental Clinic,Delhi NCR,SEO Services,HOT,87.0,+919871211748,info@drkhannasdentalclinic.com,https://drkhannasdentalclinic.com,Live,Google Maps,CEO,Not ranking on Google local searches — missing 70% of high-intent organic traffic.,REAL BUSINESS — Clinics in Delhi NCR. Source: Google Maps. Service needed: SEO Services.,New,2026-05-17 08:28:30
38,Sobha Limited,Bangalore,SEO Services,HOT,87.0,+918043153000,marketing@sobha.com,https://www.sobha.com,Live,Google Maps,Director,Not ranking on Google local searches — missing 70% of high-intent organic traffic.,REAL BUSINESS — Real Estate in Bangalore. Source: Google Maps. Service needed: SEO Services.,New,2026-05-17 08:28:31
44,Shivalik Group Ahmedabad,Ahmedabad,SEO Services,HOT,87.0,+917940089999,sales@shivalikgroup.in,https://www.shivalikgroup.in,Live,JustDial,Owner,Not ranking on Google local searches — missing 70% of high-intent organic traffic.,REAL BUSINESS — Real Estate in Ahmedabad. Source: JustDial. Service needed: SEO Services.,New,2026-05-17 08:28:32
45,Shamiana at Taj Mahal Palace,Mumbai,Website Development,HOT,87.0,,tmh.bom@tajhotels.com,https://www.tajhotels.com,Live,Google Maps,Owner,Outdated or missing website detected — losing potential clients to competitors with modern online presence.,REAL BUSINESS — Restaurants in Mumbai. Source: Google Maps. Service needed: Website Development.,New,2026-05-17 08:28:32
60,Nitrro Wellness Mumbai,Mumbai,SEO Services,HOT,87.0,,hello@nitrro.in,https://www.nitrro.in,Live,Google Maps,CEO,Not ranking on Google local searches — missing 70% of high-intent organic traffic.,REAL BUSINESS — Gyms in Mumbai. Source: Google Maps. Service needed: SEO Services.,New,2026-05-17 08:28:32
62,Gold's Gym Delhi,Delhi NCR,SEO Services,HOT,87.0,,delhi@goldsgym.in,https://www.goldsgym.in,Live,JustDial,CEO,Not ranking on Google local searches — missing 70% of high-intent organic traffic.,REAL BUSINESS — Gyms in Delhi NCR. Source: JustDial. Service needed: SEO Services.,New,2026-05-17 08:28:32
64,Meridian Fitness Bangalore,Bangalore,SEO Services,HOT,87.0,+918049012345,info@meridianfitness.in,https://meridianfitness.in,Live,JustDial,Marketing Head,Not ranking on Google local searches — missing 70% of high-intent organic traffic.,REAL BUSINESS — Gyms in Bangalore. Source: JustDial. Service needed: SEO Services.,New,2026-05-17 08:28:32
72,Affinity Salon Delhi,Delhi NCR,Website Development,HOT,87.0,,info@affinitysalon.in,https://affinitysalon.in,Live,JustDial,Founder,Outdated or missing website detected — losing potential clients to competitors with modern online presence.,REAL BUSINESS — Salons in Delhi NCR. Source: JustDial. Service needed: Website Development.,New,2026-05-17 08:28:32
102,Delhi Public School Delhi,Delhi NCR,Digital Marketing,HOT,87.0,,admissions@dpsrkpuram.com,https://www.dpsrkpuram.com,Live,Google Maps,Founder,No active Google Ads or social media campaigns — brand visibility critically low.,REAL BUSINESS — Schools in Delhi NCR. Source: Google Maps. Service needed: Digital Marketing.,New,2026-05-17 08:28:33
5,Fortis Hospital Mulund,Mumbai,Digital Marketing,HOT,86.0,,fortis.mulund@fortishealthcare.com,https://www.fortishealthcare.com,Live,Google Maps,Owner,No active Google Ads or social media campaigns — brand visibility critically low.,REAL BUSINESS — Hospitals in Mumbai. Source: Google Maps. Service needed: Digital Marketing.,New,2026-05-17 08:28:29
19,Apollo Hospital Ahmedabad,Ahmedabad,Digital Marketing,HOT,86.0,+917966701800,info.ahd@apollohospitals.com,https://www.apollohospitals.com,Live,Google Maps,CEO,No active Google Ads or social media campaigns — brand visibility critically low.,REAL BUSINESS — Hospitals in Ahmedabad. Source: Google Maps. Service needed: Digital Marketing.,New,2026-05-17 08:28:30
50,Haldiram Chandni Chowk,Delhi NCR,Website Development,HOT,86.0,,info@haldiram.com,https://www.haldiram.com,Live,JustDial,Owner,Outdated or missing website detected — losing potential clients to competitors with modern online presence.,REAL BUSINESS — Restaurants in Delhi NCR. Source: JustDial. Service needed: Website Development.,New,2026-05-17 08:28:32
56,Malaka Spice,Pune,Website Development,HOT,86.0,,info@malakaspice.com,https://malakaspice.com,Live,Google Maps,Founder,Outdated or missing website detected — losing potential clients to competitors with modern online presence.,REAL BUSINESS — Restaurants in Pune. Source: Google Maps. Service needed: Website Development.,New,2026-05-17 08:28:32
58,Cult.fit Mumbai,Mumbai,SEO Services,HOT,86.0,+918061002020,support@cult.fit,https://www.cult.fit,Live,Google Maps,Marketing Head,Not ranking on Google local searches — missing 70% of high-intent organic traffic.,REAL BUSINESS — Gyms in Mumbai. Source: Google Maps. Service needed: SEO Services.,New,2026-05-17 08:28:32
69,AKreations Salon Mumbai,Mumbai,Website Development,HOT,86.0,+917718033300,info@akreations.in,https://akreations.in,Live,Instagram,Marketing Head,Outdated or missing website detected — losing potential clients to competitors with modern online presence.,REAL BUSINESS — Salons in Mumbai. Source: Instagram. Service needed: Website Development.,New,2026-05-17 08:28:32
83,Vivanta Pune Hinjawadi,Pune,Digital Marketing,HOT,86.0,,vivanta.pune@tajhotels.com,https://www.tajhotels.com,Live,JustDial,Owner,No active Google Ads or social media campaigns — brand visibility critically low.,REAL BUSINESS — Hotels in Pune. Source: JustDial. Service needed: Digital Marketing.,New,2026-05-17 08:28:33
97,Meru International School,Hyderabad,Digital Marketing,HOT,86.0,+918101700700,info@meruinternationalschool.com,https://meruinternationalschool.com,Live,Google Maps,Founder,No active Google Ads or social media campaigns — brand visibility critically low.,REAL BUSINESS — Schools in Hyderabad. Source: Google Maps. Service needed: Digital Marketing.,New,2026-05-17 08:28:33
2,Nanavati Max Super Speciality Hospital,Mumbai,Digital Marketing,HOT,85.0,,info@nanavatimaxhospital.org,https://www.nanavatimaxhospital.org,Live,Google Maps,Marketing Head,No active Google Ads or social media campaigns — brand visibility critically low.,REAL BUSINESS — Hospitals in Mumbai. Source: Google Maps. Service needed: Digital Marketing.,New,2026-05-17 08:28:29
9,BLK-MAX Super Speciality Hospital,Delhi NCR,Digital Marketing,HOT,85.0,,info@blkmaxhospital.com,https://www.blkmaxhospital.com,Live,JustDial,Owner,No active Google Ads or social media campaigns — brand visibility critically low.,REAL BUSINESS — Hospitals in Delhi NCR. Source: JustDial. Service needed: Digital Marketing.,New,2026-05-17 08:28:30
12,Narayana Health City,Bangalore,Digital Marketing,HOT,85.0,+918071222222,info@narayanahealth.org,https://www.narayanahealth.org,Live,Google Maps,Founder,No active Google Ads or social media campaigns — brand visibility critically low.,REAL BUSINESS — Hospitals in Bangalore. Source: Google Maps. Service needed: Digital Marketing.,New,2026-05-17 08:28:30
16,Sahyadri Hospitals,Pune,Digital Marketing,HOT,85.0,,info@sahyadrihospital.com,https://www.sahyadrihospital.com,Live,Google Maps,Marketing Head,No active Google Ads or social media campaigns — brand visibility critically low.,REAL BUSINESS — Hospitals in Pune. Source: Google Maps. Service needed: Digital Marketing.,New,2026-05-17 08:28:30
36,Prestige Group,Bangalore,SEO Services,HOT,85.0,+918025591080,properties@prestigeconstructions.com,https://www.prestigeconstructions.com,Live,Google Maps,Marketing Head,Not ranking on Google local searches — missing 70% of high-intent organic traffic.,REAL BUSINESS — Real Estate in Bangalore. Source: Google Maps. Service needed: SEO Services.,New,2026-05-17 08:28:31
68,Lakme Salon Mumbai,Mumbai,Website Development,HOT,85.0,,info@lakmesalon.in,https://www.lakmesalon.in,Live,Google Maps,Owner,Outdated or missing website detected — losing potential clients to competitors with modern online presence.,REAL BUSINESS — Salons in Mumbai. Source: Google Maps. Service needed: Website Development.,New,2026-05-17 08:28:32
79,Taj Deccan Hyderabad,Hyderabad,Digital Marketing,HOT,85.0,,tdc.hyd@tajhotels.com,https://www.tajhotels.com,Live,Google Maps,Owner,No active Google Ads or social media campaigns — brand visibility critically low.,REAL BUSINESS — Hotels in Hyderabad. Source: Google Maps. Service needed: Digital Marketing.,New,2026-05-17 08:28:33
80,Trident Hyderabad,Hyderabad,Digital Marketing,HOT,85.0,,reservations.hyd@tridenthotels.com,https://www.tridenthotels.com,Live,JustDial,Director,No active Google Ads or social media campaigns — brand visibility critically low.,REAL BUSINESS — Hotels in Hyderabad. Source: JustDial. Service needed: Digital Marketing.,New,2026-05-17 08:28:33
96,Oakridge International School,Hyderabad,Digital Marketing,HOT,85.0,,admissions@oakridge.in,https://oakridge.in,Live,JustDial,Director,No active Google Ads or social media campaigns — brand visibility critically low.,REAL BUSINESS — Schools in Hyderabad. Source: JustDial. Service needed: Digital Marketing.,New,2026-05-17 08:28:33
39,My Home Group,Hyderabad,SEO Services,WARM,84.0,,info@myhomeconstructions.com,https://myhomeconstructions.com,Live,Google Maps,Owner,Not ranking on Google local searches — missing 70% of high-intent organic traffic.,REAL BUSINESS — Real Estate in Hyderabad. Source: Google Maps. Service needed: SEO Services.,New,2026-05-17 08:28:31
100,Apple Global School Ahmedabad,Ahmedabad,Digital Marketing,WARM,84.0,+917573001612,info@appleglobalschool.com,https://appleglobalschool.com,Live,Google Maps,Director,No active Google Ads or social media campaigns — brand visibility critically low.,REAL BUSINESS — Schools in Ahmedabad. Source: Google Maps. Service needed: Digital Marketing.,New,2026-05-17 08:28:33
22,Dent Heal Clinics,Mumbai,SEO Services,WARM,83.0,,info@dentheal.com,https://dentheal.com,Live,Google Maps,Director,Not ranking on Google local searches — missing 70% of high-intent organic traffic.,REAL BUSINESS — Clinics in Mumbai. Source: Google Maps. Service needed: SEO Services.,New,2026-05-17 08:28:30
87,Taj Lands End Mumbai,Mumbai,Digital Marketing,WARM,83.0,,tle.bom@tajhotels.com,https://www.tajhotels.com,Live,Google Maps,Director,No active Google Ads or social media campaigns — brand visibility critically low.,REAL BUSINESS — Hotels in Mumbai. Source: Google Maps. Service needed: Digital Marketing.,New,2026-05-17 08:28:33
46,The Bombay Canteen,Mumbai,Website Development,WARM,82.0,,reservations@thebombaycanteen.com,https://www.thebombaycanteen.com,Live,Google Maps,Owner,Outdated or missing website detected — losing potential clients to competitors with modern online presence.,REAL BUSINESS — Restaurants in Mumbai. Source: Google Maps. Service needed: Website Development.,New,2026-05-17 08:28:32
